{".out_test_4/global_step": 675, "_timestamp": 1708595945.7584362, ".out_test_4/time/steps": 675.0, "global_step": 39498, ".out_test_4/time/epochs": 0.0, ".out_test_4/time/steps_per_second": 6.202907562255859, ".out_test_4/time/dataset": 0.00038814544677734375, ".out_test_4/time/preprocess": 2.288818359375e-05, ".out_test_4/time/train_step": 0.24985694885253906, ".out_test_4/train/env_steps": 663.0, "_runtime": 5781.345348119736, "_step": 46432, "Losses/Q Loss": -16.615890502929688, ".out_test_4/train/q_loss": -85.8050537109375, ".out_test_4/train/target_q": 4.4189605712890625, ".out_test_4/train/alpha_loss": -0.6237694025039673, ".out_test_4/train/actor_loss": -90.2473373413086, ".out_test_4/train/entropy": -12.272964477539062, ".out_test_4/train/alpha": 0.09944037348031998, ".out_test_4/train/reward": 54.512367248535156, ".out_test_4/train/length": 1000.0, ".out_test_4/train/num_ep": 30.0, ".out_test_4/eval/reward": 53.894325256347656, ".out_test_4/eval/stddev": 29.887805938720703, ".out_test_4/eval/length": 1000.0, ".out_test_4/eval/discount": 1000.0, ".out_test_4/eval/early_termination": 0.0}