{".out_test_4/global_step": 750, "_timestamp": 1708590948.568455, ".out_test_4/time/steps": 750.0, "global_step": 6800, ".out_test_4/time/epochs": 0.0, ".out_test_4/time/steps_per_second": 8.611848831176758, ".out_test_4/time/dataset": 0.00042700767517089844, ".out_test_4/time/preprocess": 1.7881393432617188e-05, ".out_test_4/time/train_step": 0.2832660675048828, ".out_test_4/train/env_steps": 738.0, "_runtime": 784.155366897583, "_step": 6750, "Losses/Q Loss": -23.604820251464844, ".out_test_4/train/q_loss": -23.678945541381836, ".out_test_4/train/target_q": -0.05949856713414192, ".out_test_4/train/alpha_loss": 0.9589775800704956, ".out_test_4/train/actor_loss": -0.3045971095561981, ".out_test_4/train/entropy": 3.7068731784820557, ".out_test_4/train/alpha": 0.0987837016582489, ".out_test_4/train/reward": 3.1679887771606445, ".out_test_4/train/length": 1000.0, ".out_test_4/train/num_ep": 6.0, ".out_test_4/eval/reward": 0.32150277495384216, ".out_test_4/eval/stddev": 0.1268082708120346, ".out_test_4/eval/length": 1000.0, ".out_test_4/eval/discount": 1000.0, ".out_test_4/eval/early_termination": 0.0}