{".out_test_1/global_step": 900, "_timestamp": 1708595072.196516, ".out_test_1/time/steps": 900.0, "global_step": 900, ".out_test_1/time/epochs": 0.0, ".out_test_1/time/steps_per_second": 5.01569938659668, ".out_test_1/time/dataset": 0.0010080337524414062, ".out_test_1/time/preprocess": 1.7881393432617188e-05, ".out_test_1/time/train_step": 0.2093791961669922, ".out_test_1/train/env_steps": 888.0, "_runtime": 120.42969107627869, "_step": 659, ".out_test_1/train/q_loss": 0.18091073632240295, ".out_test_1/train/target_q": Infinity, ".out_test_1/train/alpha_loss": 0.9659675359725952, ".out_test_1/train/actor_loss": -1.9138458967208862, ".out_test_1/train/entropy": 3.9790234565734863, ".out_test_1/train/alpha": 0.09679002314805984, "Losses/Q Loss": 0.18033134937286377, "_wandb": {"runtime": 122}}