{".out_test_2/global_step": 625, "_timestamp": 1708594424.648939, ".out_test_2/time/steps": 625.0, "global_step": 625, ".out_test_2/time/epochs": 0.0, ".out_test_2/time/steps_per_second": 6.969941139221191, ".out_test_2/time/dataset": 0.0006761550903320312, ".out_test_2/time/preprocess": 4.00543212890625e-05, ".out_test_2/time/train_step": 0.20196795463562012, ".out_test_2/train/env_steps": 613.0, "_runtime": 37.24603581428528, "_step": 101, ".out_test_2/train/q_loss": -21.13083267211914, ".out_test_2/train/target_q": 1.4030671119689941, ".out_test_2/train/alpha_loss": 0.18891872465610504, ".out_test_2/train/actor_loss": -27.510644912719727, ".out_test_2/train/entropy": -4.100958347320557, ".out_test_2/train/alpha": 0.09945361316204071, "Losses/Q Loss": -10.679954528808594, "_wandb": {"runtime": 38}}