{".out_test_3/global_step": 6000, "_timestamp": 1708590875.236004, ".out_test_3/time/steps": 6000.0, "global_step": 6000, ".out_test_3/time/epochs": 0.0, ".out_test_3/time/steps_per_second": 8.299121856689453, ".out_test_3/time/dataset": 0.0008101463317871094, ".out_test_3/time/preprocess": 3.695487976074219e-05, ".out_test_3/time/train_step": 0.1396169662475586, ".out_test_3/train/env_steps": 5988.0, "_runtime": 683.5653500556946, "_step": 5673, ".out_test_3/train/q_loss": -26.193222045898438, ".out_test_3/train/target_q": 0.0171512458473444, ".out_test_3/train/alpha_loss": 0.7741649746894836, ".out_test_3/train/actor_loss": -0.32686397433280945, ".out_test_3/train/entropy": 4.083383560180664, ".out_test_3/train/alpha": 0.07676920294761658, "Losses/Q Loss": -26.611770629882812, ".out_test_3/train/reward": 3.6502182483673096, ".out_test_3/train/length": 1000.0, ".out_test_3/train/num_ep": 6.0, ".out_test_3/eval/reward": 0.3302086293697357, ".out_test_3/eval/stddev": 0.19390437006950378, ".out_test_3/eval/length": 1000.0, ".out_test_3/eval/discount": 1000.0, ".out_test_3/eval/early_termination": 0.0, "_wandb": {"runtime": 685}}