{"global_step": 24919, "_timestamp": 1707773636.871588, "_runtime": 620.2774910926819, "_step": 194, "charts/episodic_return": 2.0, "charts/episodic_length": 802.0, "losses/qf1_values": 195.4138946533203, "losses/qf2_values": 17.957477569580078, "losses/qf1_loss": -172.97235107421875, "losses/qf2_loss": 18.765609741210938, "losses/qf_loss": -77.1033706665039, "losses/actor_loss": -5.821553707122803, "losses/alpha": 1.3590246438980103, "charts/SPS": 40.0, "losses/alpha_loss": -0.11569574475288391, "_wandb": {"runtime": 623}}