time/steps,time/epochs,time/steps_per_second,time/dataset,time/preprocess,time/train_step,train/env_steps,train/q_loss,train/target_q,train/alpha_loss,train/actor_loss,train/entropy,train/alpha,train/reward,train/length,train/num_ep,eval/reward,eval/stddev,eval/length,eval/discount,eval/early_termination,step
1000,0,8.844808355709457,0.00032711029052734375,1.5020370483398438e-05,0.10670304298400879,988.0,-23.964452743530273,-0.009746082723140717,0.9694823970397314,-0.37038414428631466,3.939578195412954,0.09752769395709038,2.828273273234268,1000.0,1.0,0.1943366311062214,0.06936257784890967,1000.0,1000.0,0.0,1000
2000,0,8.206862756684586,0.0005199909210205078,1.3113021850585938e-05,0.13269710540771484,1988.0,-23.334973678588867,-0.011108421944081784,0.935189555088679,-0.3588443398475647,4.079416473706563,0.09277299729486306,4.1129745426457704,1000.0,2.0,0.16959880003304603,0.04512201659596787,1000.0,1000.0,0.0,2000
3000,0,7.848322567901781,0.0004558563232421875,1.2159347534179688e-05,0.1391890048980713,2988.0,-24.869448318481446,-0.012688830494880676,0.8909695396820704,-0.3418615634242694,4.079620560010274,0.08838468603789806,3.104630378129373,1000.0,3.0,0.1604346341451776,0.04380383520476995,1000.0,1000.0,0.0,3000
4000,0,8.726792139715096,0.0010249614715576172,2.193450927734375e-05,0.13399314880371094,3988.0,-25.958358001708984,-0.013719062358140945,0.8497413148482641,-0.3257385616501172,4.081187923749288,0.08428183694680531,2.570666428715366,1000.0,4.0,0.2130249832289878,0.04981874440266914,1000.0,1000.0,0.0,4000
5000,0,8.236097869640464,0.0008509159088134766,1.4066696166992188e-05,0.14894413948059082,4988.0,-26.038979263305663,-0.016965063698589803,0.8109375635782877,-0.3068309724330902,4.082792480786641,0.08042038169999917,1.6286039009622015,1000.0,5.0,0.22960201134505387,0.05141631804449381,1000.0,1000.0,0.0,5000
6000,0,8.706120926685909,0.0006887912750244141,1.8835067749023438e-05,0.1744091510772705,5988.0,-25.283782501220703,-0.01798748780041933,0.7745289554198583,-0.2910451640685399,4.087797443072001,0.07677169392506282,3.167988718827563,1000.0,6.0,0.32150276849294307,0.12680826558371225,1000.0,1000.0,0.0,6000
7000,0,8.931333711343692,0.0003666877746582031,1.2159347534179688e-05,0.0920569896697998,6988.0,-26.043698196411132,-0.015620034672319889,0.7390068769454956,-0.27919062972068787,4.079315781593323,0.07331241108477116,6.110122176431206,1000.0,7.0,0.3897956319357764,0.20133089072915908,1000.0,1000.0,0.0,7000
