{"_wandb": {"runtime": 20}, ".out_test_1/global_step": 250, "_timestamp": 1708594348.405853, ".out_test_1/time/steps": 250.0, "global_step": 250, ".out_test_1/time/epochs": 0.0, ".out_test_1/time/steps_per_second": 105.45850372314453, ".out_test_1/time/dataset": 0.0037682056427001953, ".out_test_1/time/preprocess": 0.00011682510375976562, ".out_test_1/time/train_step": 0.004248142242431641, ".out_test_1/train/env_steps": 238.0, "_runtime": 17.626639127731323, "_step": 9, ".out_test_1/train/q_loss": 0.12530675530433655, ".out_test_1/train/target_q": -0.11985386162996292}