{"global_step": 29, "_timestamp": 1707828813.850076, "train/pol_loss": -0.0, "train/reward": 0.04699999839067459, "train/actions": {"_type": "histogram", "values": [47.0], "bins": [0.0, 0.0]}, "train/entropy_mean": 0.0, "train/weights": {"_type": "histogram", "values": [47.0], "bins": [0.0, 0.0]}, "train/reward_hist": {"_type": "histogram", "values": [47.0], "bins": [0.0010000000474974513, 0.0010000000474974513]}, "train/num_obs": 47.0, "train/qreps_loss": 391.0618591308594, "train/q_values": 138.76988220214844, "train/next_v_function": 144.81600952148438, "_runtime": 26.14178490638733, "_step": 29, "_wandb": {"runtime": 25}}