{".out_test_4/global_step": 750, "_timestamp": 1708590948.568455, ".out_test_4/time/steps": 750.0, "global_step": 750, ".out_test_4/time/epochs": 0.0, ".out_test_4/time/steps_per_second": 8.611848831176758, ".out_test_4/time/dataset": 0.00042700767517089844, ".out_test_4/time/preprocess": 1.7881393432617188e-05, ".out_test_4/time/train_step": 0.2832660675048828, ".out_test_4/train/env_steps": 738.0, "_runtime": 44.337661027908325, "_step": 262, ".out_test_4/train/q_loss": -23.678945541381836, ".out_test_4/train/target_q": -0.05949856713414192, ".out_test_4/train/alpha_loss": 0.9589775800704956, ".out_test_4/train/actor_loss": -0.3045971095561981, ".out_test_4/train/entropy": 3.7068731784820557, ".out_test_4/train/alpha": 0.0987837016582489, "Losses/Q Loss": -23.604820251464844}