{".out_test_4/global_step": 675, "_timestamp": 1708594591.2581499, ".out_test_4/time/steps": 675.0, "global_step": 675, ".out_test_4/time/epochs": 0.0, ".out_test_4/time/steps_per_second": 6.202907562255859, ".out_test_4/time/dataset": 0.00038814544677734375, ".out_test_4/time/preprocess": 2.288818359375e-05, ".out_test_4/time/train_step": 0.24985694885253906, ".out_test_4/train/env_steps": 663.0, "_runtime": 43.920302867889404, "_step": 180, ".out_test_4/train/q_loss": -85.8050537109375, ".out_test_4/train/target_q": 4.4189605712890625, ".out_test_4/train/alpha_loss": -0.6237694025039673, ".out_test_4/train/actor_loss": -90.2473373413086, ".out_test_4/train/entropy": -12.272964477539062, ".out_test_4/train/alpha": 0.09944037348031998, "Losses/Q Loss": -76.83615112304688, "_wandb": {"runtime": 46}}