{".out_test_3/global_step": 114000, "_timestamp": 1708590136.906378, ".out_test_3/time/steps": 114000.0, "global_step": 114000, ".out_test_3/time/epochs": 0.0, ".out_test_3/time/steps_per_second": 8.392365455627441, ".out_test_3/time/dataset": 0.0007600784301757812, ".out_test_3/time/preprocess": 1.4066696166992188e-05, ".out_test_3/time/train_step": 0.1327509880065918, ".out_test_3/train/env_steps": 113988.0, "_runtime": 13659.709418058395, "_step": 116639, ".out_test_3/train/q_loss": -15.348167419433594, ".out_test_3/train/target_q": 0.849089503288269, ".out_test_3/train/alpha_loss": -0.00018906519107986242, ".out_test_3/train/actor_loss": -0.9257189035415649, ".out_test_3/train/entropy": -6.086610794067383, ".out_test_3/train/alpha": 0.0021831770427525043, "Losses/Q Loss": -15.276538848876953, ".out_test_3/train/reward": 179.57066345214844, ".out_test_3/train/length": 1000.0, ".out_test_3/train/num_ep": 114.0, ".out_test_3/eval/reward": 188.16537475585938, ".out_test_3/eval/stddev": 5.915463924407959, ".out_test_3/eval/length": 1000.0, ".out_test_3/eval/discount": 1000.0, ".out_test_3/eval/early_termination": 0.0, "_wandb": {"runtime": 13661}}