{".out_test_3/global_step": 650, "_timestamp": 1708594508.180625, ".out_test_3/time/steps": 650.0, "global_step": 655, ".out_test_3/time/epochs": 0.0, ".out_test_3/time/steps_per_second": 6.354832649230957, ".out_test_3/time/dataset": 0.0008399486541748047, ".out_test_3/time/preprocess": 2.4080276489257812e-05, ".out_test_3/time/train_step": 0.19699621200561523, ".out_test_3/train/env_steps": 638.0, "_runtime": 41.26010704040527, "_step": 180, ".out_test_3/train/q_loss": -52.38629913330078, ".out_test_3/train/target_q": 2.3302485942840576, ".out_test_3/train/alpha_loss": -0.25029563903808594, ".out_test_3/train/actor_loss": -54.36531066894531, ".out_test_3/train/entropy": -8.518377304077148, ".out_test_3/train/alpha": 0.09938836842775345, "Losses/Q Loss": -70.09576416015625, "_wandb": {"runtime": 42}}