{
  "trial_data": [
    [
      "{\n  \"stub\": false,\n  \"trainable_name\": \"main\",\n  \"trial_id\": \"a5e5ba6e\",\n  \"storage\": {\n    \"_type\": \"CLOUDPICKLE_FALLBACK\",\n    \"value\": \"80059543030000000000008c1b7261792e747261696e2e5f696e7465726e616c2e73746f72616765948c0e53746f72616765436f6e746578749493942981947d94288c12637573746f6d5f66735f70726f766964656494898c1273746f726167655f6c6f63616c5f70617468948c492f55736572732f6e69636f6c617376696c612f776f726b706c6163652f756e692f7466675f76322f74657374732f71726570732f726573756c74735f74756e655f71726570735f7633948c136578706572696d656e745f6469725f6e616d65948c186d61696e5f323032342d30332d32375f31302d35362d3436948c0e747269616c5f6469725f6e616d65948c966d61696e5f61356535626136655f315f747269616c5f696e6465783d302c616c7068613d302e343531392c6175746f74756e653d46616c73652c6275666665725f73697a653d31303030302c636170747572655f766964656f3d46616c73652c637564613d547275652c656e765f69643d43617274506f6c652d76312c6574613d4e5f323032342d30332d32375f31302d35362d3436948c1863757272656e745f636865636b706f696e745f696e646578944affffffff8c0b73796e635f636f6e666967948c097261792e747261696e948c0a53796e63436f6e6669679493942981947d94288c0b73796e635f706572696f64944d2c018c0c73796e635f74696d656f7574944d08078c0e73796e635f61727469666163747394898c1c73796e635f6172746966616374735f6f6e5f636865636b706f696e7494888c0a75706c6f61645f646972948c0a44455052454341544544948c0673796e6365729468188c1273796e635f6f6e5f636865636b706f696e7494681875628c1273746f726167655f66696c6573797374656d948c086275696c74696e73948c07676574617474729493948c0b70796172726f772e5f6673948c0f4c6f63616c46696c6553797374656d9493948c0c5f7265636f6e73747275637494869452947d948c087573655f6d6d6170948973859452948c0f73746f726167655f66735f70617468948c492f55736572732f6e69636f6c617376696c612f776f726b706c6163652f756e692f7466675f76322f74657374732f71726570732f726573756c74735f74756e655f71726570735f76339468194e75622e\"\n  },\n  \"config\": {\n    \"exp_name\": \"QREPS\",\n    \"seed\": 1,\n    \"torch_deterministic\": true,\n    \"cuda\": true,\n    \"track\": false,\n    \"wandb_project_name\": \"QREPS_CartPole-v1\",\n    \"wandb_entity\": \"TFG\",\n    \"capture_video\": false,\n    \"env_id\": \"CartPole-v1\",\n    \"total_timesteps\": 500,\n    \"num_updates\": 50,\n    \"buffer_size\": 10000,\n    \"update_epochs\": 100,\n    \"update_policy_epochs\": 100,\n    \"num_rollouts\": 5,\n    \"num_envs\": 1,\n    \"gamma\": 0.99,\n    \"policy_lr_start\": 0.007614761965870301,\n    \"policy_lr_end\": 0.00025,\n    \"q_lr_start\": 0.07819936519199132,\n    \"q_lr_end\": 0.00025,\n    \"alpha\": 0.45186536977422553,\n    \"eta\": null,\n    \"autotune\": false,\n    \"target_entropy_scale\": 0.1,\n    \"linear_schedule\": false,\n    \"__trial_index__\": 0\n  },\n  \"_Trial__unresolved_config\": {\n    \"exp_name\": \"QREPS\",\n    \"seed\": 1,\n    \"torch_deterministic\": true,\n    \"cuda\": true,\n    \"track\": false,\n    \"wandb_project_name\": \"QREPS_CartPole-v1\",\n    \"wandb_entity\": \"TFG\",\n    \"capture_video\": false,\n    \"env_id\": \"CartPole-v1\",\n    \"total_timesteps\": 500,\n    \"num_updates\": 50,\n    \"buffer_size\": 10000,\n    \"update_epochs\": 100,\n    \"update_policy_epochs\": 100,\n    \"num_rollouts\": 5,\n    \"num_envs\": 1,\n    \"gamma\": 0.99,\n    \"policy_lr_start\": 0.007614761965870301,\n    \"policy_lr_end\": 0.00025,\n    \"q_lr_start\": 0.07819936519199132,\n    \"q_lr_end\": 0.00025,\n    \"alpha\": 0.45186536977422553,\n    \"eta\": null,\n    \"autotune\": false,\n    \"target_entropy_scale\": 0.1,\n    \"linear_schedule\": false,\n    \"__trial_index__\": 0\n  },\n  \"evaluated_params\": {\n    \"policy_lr_start\": 0.007614761965870301,\n    \"q_lr_start\": 0.07819936519199132,\n    \"alpha\": 0.45186536977422553,\n    \"update_epochs\": 100,\n    \"update_policy_epochs\": 100,\n    \"num_envs\": 1,\n    \"gamma\": 0.99,\n    \"linear_schedule\": false,\n    \"__trial_index__\": 0\n  },\n  \"experiment_tag\": \"1_trial_index=0,alpha=0.4519,autotune=False,buffer_size=10000,capture_video=False,cuda=True,env_id=CartPole-v1,eta=None,exp_name=QREPS,gamma=0.9900,linear_schedule=False,num_envs=1,num_rollouts=5,num_updates=50,policy_lr_end=0.0003,policy_lr_start=0.0076,q_lr_end=0.0003,q_lr_start=0.0782,seed=1,target_entropy_scale=0.1000,torch_deterministic=True,total_timesteps=500,track=False,update_epochs=100,update_policy_epochs=100,wandb_entity=TFG,wandb_project_name=QREPS_CartPole-v1\",\n  \"stopping_criterion\": {},\n  \"_setup_default_resource\": true,\n  \"_default_placement_group_factory\": \"80054e2e\",\n  \"placement_group_factory\": \"800595aa000000000000008c237261792e74756e652e657865637574696f6e2e706c6163656d656e745f67726f757073948c15506c6163656d656e7447726f7570466163746f72799493942981947d94288c085f62756e646c6573945d947d948c0343505594473ff000000000000073618c155f686561645f62756e646c655f69735f656d70747994898c095f7374726174656779948c045041434b948c055f6172677394298c075f6b7761726773947d9475622e\",\n  \"log_to_file\": [\n    null,\n    null\n  ],\n  \"max_failures\": 0,\n  \"_default_result_or_future\": null,\n  \"export_formats\": [],\n  \"status\": \"PENDING\",\n  \"relative_logdir\": \"main_a5e5ba6e_1_trial_index=0,alpha=0.4519,autotune=False,buffer_size=10000,capture_video=False,cuda=True,env_id=CartPole-v1,eta=N_2024-03-27_10-56-46\",\n  \"trial_name_creator\": null,\n  \"trial_dirname_creator\": null,\n  \"custom_trial_name\": null,\n  \"custom_dirname\": null,\n  \"restore_path\": null,\n  \"_restore_checkpoint_result\": null,\n  \"_state_json\": null,\n  \"results\": \"80054e2e\",\n  \"extra_arg\": \"80054e2e\",\n  \"_resources\": \"80054e2e\"\n}",
      "{\n  \"start_time\": null,\n  \"num_failures\": 0,\n  \"num_failures_after_restore\": 0,\n  \"error_filename\": null,\n  \"pickled_error_filename\": null,\n  \"last_result\": {},\n  \"last_result_time\": -Infinity,\n  \"metric_analysis\": {},\n  \"_n_steps\": [\n    5,\n    10\n  ],\n  \"metric_n_steps\": {},\n  \"checkpoint_manager\": {\n    \"_type\": \"CLOUDPICKLE_FALLBACK\",\n    \"value\": \"80059584010000000000008c267261792e747261696e2e5f696e7465726e616c2e636865636b706f696e745f6d616e61676572948c125f436865636b706f696e744d616e616765729493942981947d94288c125f636865636b706f696e745f636f6e666967948c097261792e747261696e948c10436865636b706f696e74436f6e6669679493942981947d94288c0b6e756d5f746f5f6b656570944e8c1a636865636b706f696e745f73636f72655f617474726962757465944e8c16636865636b706f696e745f73636f72655f6f72646572948c036d6178948c14636865636b706f696e745f6672657175656e6379944b008c11636865636b706f696e745f61745f656e64944e8c1a5f636865636b706f696e745f6b6565705f616c6c5f72616e6b73948c0a44455052454341544544948c1f5f636865636b706f696e745f75706c6f61645f66726f6d5f776f726b65727394681275628c135f636865636b706f696e745f726573756c7473945d948c195f6c61746573745f636865636b706f696e745f726573756c74944e75622e\"\n  }\n}"
    ]
  ],
  "runner_data": {
    "_earliest_stopping_actor": Infinity,
    "_actor_cleanup_timeout": 600,
    "_actor_force_cleanup_timeout": 10,
    "_reuse_actors": true,
    "_buffer_length": 1,
    "_buffer_min_time_s": 0.0,
    "_buffer_max_time_s": 100.0,
    "_max_pending_trials": 1,
    "_metric": null,
    "_total_time": 0,
    "_iteration": 0,
    "_has_errored": false,
    "_fail_fast": false,
    "_print_trial_errors": true,
    "_cached_trial_decisions": {},
    "_queued_trial_decisions": {},
    "_should_stop_experiment": false,
    "_stopper": {
      "_type": "CLOUDPICKLE_FALLBACK",
      "value": "8005952c000000000000008c157261792e74756e652e73746f707065722e6e6f6f70948c0b4e6f6f7053746f707065729493942981942e"
    },
    "_start_time": 1711533406.490155,
    "_last_checkpoint_time": -Infinity,
    "_session_str": "2024-03-27_10-56-46",
    "_checkpoint_period": "auto",
    "_trial_checkpoint_config": {
      "_type": "CLOUDPICKLE_FALLBACK",