{".out_test_2/global_step": 132000, "_timestamp": 1708590164.781821, ".out_test_2/time/steps": 132000.0, "global_step": 132000, ".out_test_2/time/epochs": 0.0, ".out_test_2/time/steps_per_second": 12.35888671875, ".out_test_2/time/dataset": 0.00032901763916015625, ".out_test_2/time/preprocess": 1.0967254638671875e-05, ".out_test_2/time/train_step": 0.10003805160522461, ".out_test_2/train/env_steps": 131988.0, "_runtime": 15776.386418104172, "_step": 135199, ".out_test_2/train/q_loss": -15.574844360351562, ".out_test_2/train/target_q": 1.421584963798523, ".out_test_2/train/alpha_loss": 0.00024456088431179523, ".out_test_2/train/actor_loss": -1.4991552829742432, ".out_test_2/train/entropy": -5.912050724029541, ".out_test_2/train/alpha": 0.0027803457342088223, "Losses/Q Loss": -15.453741073608398, ".out_test_2/train/reward": 106.53675079345703, ".out_test_2/train/length": 1000.0, ".out_test_2/train/num_ep": 132.0, ".out_test_2/eval/reward": 177.0584716796875, ".out_test_2/eval/stddev": 7.4313645362854, ".out_test_2/eval/length": 1000.0, ".out_test_2/eval/discount": 1000.0, ".out_test_2/eval/early_termination": 0.0, "_wandb": {"runtime": 15778}}