{".out_test_5/global_step": 750, "_timestamp": 1708594690.706305, ".out_test_5/time/steps": 750.0, "global_step": 750, ".out_test_5/time/epochs": 0.0, ".out_test_5/time/steps_per_second": 6.275146484375, ".out_test_5/time/dataset": 0.0005288124084472656, ".out_test_5/time/preprocess": 1.811981201171875e-05, ".out_test_5/time/train_step": 0.18496203422546387, ".out_test_5/train/env_steps": 738.0, "_runtime": 54.81146812438965, "_step": 261, ".out_test_5/train/q_loss": -195.4991912841797, ".out_test_5/train/target_q": 12.64393424987793, ".out_test_5/train/alpha_loss": -1.6271013021469116, ".out_test_5/train/actor_loss": -231.3914031982422, ".out_test_5/train/entropy": -22.298458099365234, ".out_test_5/train/alpha": 0.09984642267227173, "Losses/Q Loss": -189.13238525390625, "_wandb": {"runtime": 56}}