{"global_step": 29, "_timestamp": 1707829006.892216, "train/pol_loss": -0.0, "train/reward": 0.04699999839067459, "train/actions": {"_type": "histogram", "values": [47.0], "bins": [0.0, 0.0]}, "train/entropy_mean": 1.1076720883617642e-31, "train/weights": {"_type": "histogram", "values": [47.0], "bins": [0.0, 0.0]}, "train/reward_hist": {"_type": "histogram", "values": [47.0], "bins": [0.0010000000474974513, 0.0010000000474974513]}, "train/num_obs": 47.0, "train/qreps_loss": 38.07282638549805, "train/q_values": 37.80278778076172, "train/next_v_function": 25.08430290222168, "_runtime": 19.115607976913452, "_step": 29, "_wandb": {"runtime": 18}}