{"global_step": 31600, "_timestamp": 1707772795.325562, "_runtime": 1392.7340950965881, "_step": 299, "charts/episodic_return": 0.0, "charts/episodic_length": 539.0, "losses/qf1_values": 449.8939514160156, "losses/qf2_values": 361.35791015625, "losses/qf1_loss": -281.88348388671875, "losses/qf2_loss": -193.34754943847656, "losses/qf_loss": -237.61550903320312, "losses/actor_loss": -127.79789733886719, "losses/alpha": 2.8341455459594727, "charts/SPS": 22.0, "losses/alpha_loss": -0.8738554120063782, "_wandb": {"runtime": 1392}}